<beans xmlns="http://www.springframework.org/schema/beans"
       xmlns:xsi="http://www.w3.org/2001/XMLSchema-instance"
       xsi:schemaLocation="http://www.springframework.org/schema/beans http://www.springframework.org/schema/beans/spring-beans.xsd">

    <!--
    *******************************************************************************************************************************************************
                                    Bean definition for Vaccines:

                                        1.Bean id should be the same as class name but in camel-case naming convention..
                                        2.Below is the sample for your reference.

                                    <bean id="tetanus" class="com.example.Vaccination.Tetanus"/>

    *****************************************************************************************************************************************************
                                Bean definition for Users should follow camel case naming convention with below combination:

                                        1. Bean id = UserType + Vaccine
                                        2.Below is the sample for your reference.

                                    <bean id="sisterTetanus" class="com.example.Vaccination.Sister">

                                Here sisterTetanus is a combination of User and vaccine but in camel-case version.

    *****************************************************************************************************************************************************

                                Bean definition for TimeAndLocationBean class:

                                        1.Bean id should be the same as class name but in camel-case naming convention.

    *****************************************************************************************************************************************************
    -->
    <!--Vaccines-->
    <bean id="covid" class="com.example.Vaccination.Covid"></bean>
    <bean id="polio" class="com.example.Vaccination.Polio"></bean>
    <bean id="typhoid" class="com.example.Vaccination.Typhoid"></bean>

    <!--TimeSlot-->
    <bean id="timeAndLocation" class="com.example.Vaccination.TimeAndLocation"></bean>

  <!--  &lt;!&ndash;Father&ndash;&gt;
    <bean id="fatherCovid" class="com.example.Vaccination.Father">
        <constructor-arg ref="timeAndLocation"></constructor-arg>
        <constructor-arg ref="covid"></constructor-arg>
    </bean>
    <bean id="fatherPolio" class="com.example.Vaccination.Father">
        <constructor-arg ref="timeAndLocation"></constructor-arg>
        <constructor-arg ref="polio"></constructor-arg>
    </bean>
    <bean id="fatherTyphoid" class="com.example.Vaccination.Father">
        <constructor-arg ref="timeAndLocation"></constructor-arg>
        <constructor-arg ref="typhoid"></constructor-arg>
    </bean>

    &lt;!&ndash;Mother&ndash;&gt;
    <bean id="motherCovid" class="com.example.Vaccination.Mother">
        <constructor-arg ref="timeAndLocation"></constructor-arg>
        <constructor-arg ref="covid"></constructor-arg>
    </bean>
    <bean id="motherPolio" class="com.example.Vaccination.Mother">
        <constructor-arg ref="timeAndLocation"></constructor-arg>
        <constructor-arg ref="polio"></constructor-arg>
    </bean>
    <bean id="motherTyphoid" class="com.example.Vaccination.Mother">
        <constructor-arg ref="timeAndLocation"></constructor-arg>
        <constructor-arg ref="typhoid"></constructor-arg>
    </bean>

    &lt;!&ndash;Self&ndash;&gt;
    <bean id="selfCovid" class="com.example.Vaccination.Self">
        <constructor-arg ref="timeAndLocation"></constructor-arg>
        <constructor-arg ref="covid"></constructor-arg>
    </bean>
    <bean id="selfPolio" class="com.example.Vaccination.Self">
        <constructor-arg ref="timeAndLocation"></constructor-arg>
        <constructor-arg ref="polio"></constructor-arg>
    </bean>
    <bean id="selfTyphoid" class="com.example.Vaccination.Self">
        <constructor-arg ref="timeAndLocation"></constructor-arg>
        <constructor-arg ref="typhoid"></constructor-arg>
    </bean>

    &lt;!&ndash;Spouse&ndash;&gt;
    <bean id="spouseCovid" class="com.example.Vaccination.Spouse">
        <constructor-arg ref="timeAndLocation"></constructor-arg>
        <constructor-arg ref="covid"></constructor-arg>
    </bean>
    <bean id="spousePolio" class="com.example.Vaccination.Spouse">
        <constructor-arg ref="timeAndLocation"></constructor-arg>
        <constructor-arg ref="polio"></constructor-arg>
    </bean>
    <bean id="spouseTyphoid" class="com.example.Vaccination.Spouse">
        <constructor-arg ref="timeAndLocation"></constructor-arg>
        <constructor-arg ref="typhoid"></constructor-arg>
    </bean>-->

    <!--ID for taking the setters method -->
    <!--Father-->
    <bean id="fatherCovid" class="com.example.Vaccination.Father">
        <property name="timeAndLocation" ref="timeAndLocation"/>
        <property name="vaccine" ref="covid"/>
    </bean>
    <bean id="fatherPolio" class="com.example.Vaccination.Father">
        <property name="timeAndLocation" ref="timeAndLocation"/>
        <property name="vaccine" ref="polio"/>
    </bean>
    <bean id="fatherTyphoid" class="com.example.Vaccination.Father">
        <property name="timeAndLocation" ref="timeAndLocation"/>
        <property name="vaccine" ref="typhoid"/>
    </bean>

    <!--Mother-->
    <bean id="motherCovid" class="com.example.Vaccination.Mother">
        <property name="timeAndLocation" ref="timeAndLocation"/>
        <property name="vaccine" ref="covid"/>
    </bean>
    <bean id="motherPolio" class="com.example.Vaccination.Mother">
        <property name="timeAndLocation" ref="timeAndLocation"/>
        <property name="vaccine" ref="polio"/>
    </bean>
    <bean id="motherTyphoid" class="com.example.Vaccination.Mother">
        <property name="timeAndLocation" ref="timeAndLocation"/>
        <property name="vaccine" ref="typhoid"/>
    </bean>

    <!--Self-->
    <bean id="selfCovid" class="com.example.Vaccination.Self">
        <property name="timeAndLocation" ref="timeAndLocation"/>
        <property name="vaccine" ref="covid"/>
    </bean>
    <bean id="selfPolio" class="com.example.Vaccination.Self">
        <property name="timeAndLocation" ref="timeAndLocation"/>
        <property name="vaccine" ref="polio"/>
    </bean>
    <bean id="selfTyphoid" class="com.example.Vaccination.Self">
        <property name="timeAndLocation" ref="timeAndLocation"/>
        <property name="vaccine" ref="typhoid"/>
    </bean>

    <!--Spouse-->
    <bean id="spouseCovid" class="com.example.Vaccination.Spouse">
        <property name="timeAndLocation" ref="timeAndLocation"/>
        <property name="vaccine" ref="covid"/>
    </bean>
    <bean id="spousePolio" class="com.example.Vaccination.Spouse">
        <property name="timeAndLocation" ref="timeAndLocation"/>
        <property name="vaccine" ref="polio"/>
    </bean>
    <bean id="spouseTyphoid" class="com.example.Vaccination.Spouse">
        <property name="timeAndLocation" ref="timeAndLocation"/>
        <property name="vaccine" ref="typhoid"/>
    </bean>
</beans>
